Script started on Tue May 13 11:42:20 2025
[1m[7m%[27m[1m[0m                                                                                                                                                      [0m[27m[24m[Jswifty@MacBookPro day01 % [K[?2004hpsql Hollywood[9D         [10D Hollywood[?2004l
psql (14.18 (Homebrew))
Type "help" for help.

[?2004hHollywood=# [7mCREATE TABLE actors([27m
[7m actor_id SERIAL PRIMARY KEY,[27m
[7m first_name VARCHAR (50) NOT NULL,[27m
[7m last_name VARCHAR (100) NOT NULL,[27m
[7m age DATE NOT NULL,[27m
[7m number_oscars SMALLINT NOT NULL[27m
[7m)[27m[A[A[A[A[A[A[C[C[C[C[C[C[C[C[C[C[CCREATE TABLE actors(
 actor_id SERIAL PRIMARY KEY,
 first_name VARCHAR (50) NOT NULL,
 last_name VARCHAR (100) NOT NULL,
 age DATE NOT NULL,
 number_oscars SMALLINT NOT NULL
)[C'[K;
[?2004lCREATE TABLE
[?2004hHollywood=# '[K'/[K[K/[K'[K\d actors
[?2004l                                          Table "public.actors"
    Column     |          Type          | Collation | Nullable |                 Default                  
---------------+------------------------+-----------+----------+------------------------------------------
 actor_id      | integer                |           | not null | nextval('actors_actor_id_seq'::regclass)
 first_name    | character varying(50)  |           | not null | 
 last_name     | character varying(100) |           | not null | 
 age           | date                   |           | not null | 
 number_oscars | smallint               |           | not null | 
Indexes:
    "actors_pkey" PRIMARY KEY, btree (actor_id)

[?2004hHollywood=# [7mINSERT INTO actors (first_name, last_name, age, number_oscars)[27m
[7mVALUES('Matt','Damon','08/10/1970', 5);[27m

[7mINSERT INTO actors (first_name, last_name, age, number_oscars)[27m
[7mVALUES('George','Clooney','06/05/1961', 2);[27m[A[A[A[A[C[C[C[C[C[C[C[C[C[C[C[CINSERT INTO actors (first_name, last_name, age, number_oscars)
VALUES('Matt','Damon','08/10/1970', 5);

INSERT INTO actors (first_name, last_name, age, number_oscars)
VALUES('George','Clooney','06/05/1961', 2);
[?2004lINSERT 0 1
INSERT 0 1
[?2004hHollywood=# [7mUPDATE actors [27m
[7mSET age='1970-01-01' [27m
[7mWHERE first_name='Matt' AND last_name='Damon'[27m
[7mRETURNING [27m
[7m    actor_id,[27m
[7m    first_name, [27m
[7m    last_name,[27m
[7m    age;[27m[A[A[A[A[A[A[A[C[C[C[CUPDATE actors 
SET age='1970-01-01' 
WHERE first_name='Matt' AND last_name='Damon'
RETURNING 
    actor_id,
    first_name, 
    last_name,
    age;
[?2004l actor_id | first_name | last_name |    age     
----------+------------+-----------+------------
        1 | Matt       | Damon     | 1970-01-01
(1 row)

UPDATE 1
[?2004hHollywood=# INSER [K[Krt [K[K[KRT INTO actors (fist[Krt_name,lia[K[Kast_name,age)[K) VALURS[K[KES (''A'N'G'E'L'I'N'A'[1P'[1P'[1P'[1P'[1P'[1P'[1P'[1P'A'n'g'e'l'i'n'a'[C,''J'o'l'i'e'[C;[Kl[K,''1'9'5'[1P'7'5','0'6','0'4'[C)'[K;
[?2004lERROR:  column "fisrt_name" of relation "actors" does not exist
LINE 1: INSERT INTO actors (fisrt_name,last_name,age) VALUES ('Angel...
                            ^
[?2004hHollywood=# INSERT INTO actors (fisrt_name,last_name,age) VALUES ('Angelina','Jolie','1975,06,04');
[?2004lERROR:  column "fisrt_name" of relation "actors" does not exist
LINE 1: INSERT INTO actors (fisrt_name,last_name,age) VALUES ('Angel...
                            ^
[?2004hHollywood=# INSERT INTO actors (fisrt_name,last_name,age) VALUES ('Angelina','Jolie','1975,06,04');[1P[1P[1@r[1@s
[?2004lERROR:  null value in column "number_oscars" of relation "actors" violates not-null constraint
DETAIL:  Failing row contains (3, Angelina, Jolie, 1975-06-04, null).
[?2004hHollywood=# INSERT INTO actors (first_name,last_name,age) VALUES ('Angelina','Jolie','1975,06,04');[1@,[1@n[1@u[1@m[1@b[1@e[1@r[1@s[1@_[1@o[1@s[1@c[1@a[1@r[1@s
[?2004lERROR:  column "numbers_oscars" of relation "actors" does not exist
LINE 1: INSERT INTO actors (first_name,last_name,age,numbers_oscars)...
                                                     ^
[?2004hHollywood=# INSERT INTO actors (first_name,last_name,age,numbers_oscars) VALUES ('Angelina','Jolie','1975,06,04');,);1);[C[1P,1);[1P1975,06,04,1);
[?2004lERROR:  column "numbers_oscars" of relation "actors" does not exist
LINE 1: INSERT INTO actors (first_name,last_name,age,numbers_oscars)...
                                                     ^
[?2004hHollywood=# INSERT INTO actors (first_name,last_name,age,numbers_oscars) VALUES ('Angelina','Jolie',1975,06,04,1);[1P[1P[1P[1P[1P[1P[1P[1P[1P[1P[1P[1P[1P[1P[13@[7mnumber_oscars[27mnumber_oscars[C
[?2004lERROR:  INSERT has more expressions than target columns
LINE 1: ...age,number_oscars) VALUES ('Angelina','Jolie',1975,06,04,1);
                                                                 ^
[?2004hHollywood=# INSERT INTO actors (first_name,last_name,age,number_oscars) VALUES ('Angelina','Jolie',1975,06,04,1);[1P06,04,1);-06,04,1);[C[C[C[1P04,1);-04,1);
[?2004lERROR:  column "age" is of type date but expression is of type integer
LINE 1: ...ame,age,number_oscars) VALUES ('Angelina','Jolie',1975-06-04...
                                                             ^
HINT:  You will need to rewrite or cast the expression.
[?2004hHollywood=# INSERT INTO actors (first_name,last_name,age,number_oscars) VALUES ('Angelina','Jolie',1975-06-04,1);'1975-06-04,1);[C[C[C[C[C[C[C[C[C[C',1);[C[C[C[C
[?2004lINSERT 0 1
[?2004hHollywood=# '[K\d actors
[?2004l                                          Table "public.actors"
    Column     |          Type          | Collation | Nullable |                 Default                  
---------------+------------------------+-----------+----------+------------------------------------------
 actor_id      | integer                |           | not null | nextval('actors_actor_id_seq'::regclass)
 first_name    | character varying(50)  |           | not null | 
 last_name     | character varying(100) |           | not null | 
 age           | date                   |           | not null | 
 number_oscars | smallint               |           | not null | 
Indexes:
    "actors_pkey" PRIMARY KEY, btree (actor_id)

[?2004hHollywood=# SELECY [K[KT )_[K[K* FROM actors
[?2004l[?2004hHollywood-# [7mSELECT * FROM actors[27m[C[C[C[C[C[C[C[C[C[C[C[CSELECT * FROM actors'[K;
[?2004lERROR:  syntax error at or near "SELECT"
LINE 2: SELECT * FROM actors;
        ^
[?2004hHollywood=# SELECT * FROM actors
SELECT * FROM actors;[K[K[K[K[K[K[K[K[K[K[K[K[K[K[K[K[K[K[K[K[K[K[A[C[C[C[C[C[C[C[C[C[C[C[C[C[C[C[C[C[C[C[C[C[C[C[C[C[C[C[C[C[C[C[C[K[K[K[K[K[K[K[K[K[K[K[K[K[K[K[K[K[K[K[K\d actorsINSERT INTO actors (first_name,last_name,age,number_oscars) VALUES ('Angelina','Jolie','1975-06-04',1);[2P1975-06-04,1);'1975-06-04',1);[C[C[C[C[C[C[C[C[C[C[C[C\d actors[K[KSELECT * FROM acr[Ktors;
[?2004l actor_id | first_name | last_name |    age     | number_oscars 
----------+------------+-----------+------------+---------------
        2 | George     | Clooney   | 1961-06-05 |             2
        1 | Matt       | Damon     | 1970-01-01 |             5
        4 | Angelina   | Jolie     | 1975-06-04 |             1
(3 rows)

[?2004hHollywood=# SELECT * FROM actors;[C[C[C[C[C[C[C[C[C[C[C[C[K\d actorsINSERT INTO actors (first_name,last_name,age,number_oscars) VALUES ('Angelina','Jolie','1975-06-04',1);[C[C[C[C[C[C[C[C[C[C[C[C[C[C[C[C[C[C[C[C[C[1P','Jolie','1975-06-04',1);[1P','Jolie','1975-06-04',1);[1P','Jolie','1975-06-04',1);[1P','Jolie','1975-06-04',1);[1P','Jolie','1975-06-04',1);[1P','Jolie','1975-06-04',1);[1P','Jolie','1975-06-04',1);[1P','Jolie','1975-06-04',1);J','Jolie','1975-06-04',1);e','Jolie','1975-06-04',1);n','Jolie','1975-06-04',1);n','Jolie','1975-06-04',1);i','Jolie','1975-06-04',1);f','Jolie','1975-06-04',1);e','Jolie','1975-06-04',1);r','Jolie','1975-06-04',1);[C[C[C[C[C[C[C[C[1P','1975-06-04',1);[1P','1975-06-04',1);[1P','1975-06-04',1);[1P','1975-06-04',1);[1P','1975-06-04',1);A','1975-06-04',1);n','1975-06-04',1);i','1975-06-04',1);s','1975-06-04',1);t','1975-06-04',1);o','1975-06-04',1);n','1975-06-04',1);[C[C[C[C[C[C[C[C[C[C[C[C[C[C[C[C[1P);0);[1P-06-04',0);[1P-06-04',0);6-06-04',0);9-06-04',0);[C[C[C[1P-04',0);2-04',0);[C[C[C[1P',0);[1P',0);1',0);1',0);
[?2004lINSERT 0 1
[?2004hHollywood=# INSERT INTO actors (first_name,last_name,age,number_oscars) VALUES ('Jennifer','Aniston','1969-02-11',0);[C[C[C[C[C[C[C[C[C[C[C[CSELECT * FROM actors;[K
[?2004l actor_id | first_name | last_name |    age     | number_oscars 
----------+------------+-----------+------------+---------------
        2 | George     | Clooney   | 1961-06-05 |             2
        1 | Matt       | Damon     | 1970-01-01 |             5
        4 | Angelina   | Jolie     | 1975-06-04 |             1
        5 | Jennifer   | Aniston   | 1969-02-11 |             0
(4 rows)

[?2004hHollywood=# select[K[K[K[K[K[KSELECCTV[K[K[KT *[K([KC[KCOUNT(*) FROM actors;
[?2004l count 
-------
     4
(1 row)

[?2004hHollywood=# [7mINSERT INTO actors (first_name, last_name) VALUES[27m
[7m  ('John', 'Doe'),[27m
[7m  ('Jane', 'Smith');[27m[A[AINSERT INTO actors (first_name, last_name) VALUES
  ('John', 'Doe'),
  ('Jane', 'Smith');
[?2004lERROR:  null value in column "age" of relation "actors" violates not-null constraint
DETAIL:  Failing row contains (6, John, Doe, null, null).
[?2004hHollywood=# 