Script started on Tue May 13 10:58:28 2025
[1m[7m%[27m[1m[0m                                                                                                                                                      [0m[27m[24m[Jswifty@MacBookPro day01 % [K[?2004hpsql Hollywood[9D         [10D Hollywood[14Dbrew services start postgresql@14[33Dls                               [31Dbrew services start postgresql@14[33Dpsql Hollywood                   [19D[9D         [10D -I I u U postgres[1m [0m[0m -d 
[Jpostgres   public     template0  template1  test[A[0m[27m[24m[26Cpsql -U postgres -d[K[1Cpostgresublic  [?2004l
[Jpsql (14.18 (Homebrew))
Type "help" for help.

[?2004hpublic=# \d
[?2004l         List of relations
 Schema | Name  | Type  |  Owner   
--------+-------+-------+----------
 public | items | table | postgres
(1 row)

[?2004hpublic=# \dt
[?2004l         List of relations
 Schema | Name  | Type  |  Owner   
--------+-------+-------+----------
 public | items | table | postgres
(1 row)

[?2004hpublic=# \t
[?2004lTuples only is on.
[?2004hpublic=# CRA[KEATE TABLE IT[K[Kitems();
[?2004lERROR:  relation "items" already exists
[?2004hpublic=# CREATE TABLE items();[K[K[K[K[K[K[K[K[7mcustomers[27mcustomers)[K();
[?2004lCREATE TABLE
[?2004hpublic=# \dt
[?2004l public | customers | table | postgres
 public | items     | table | postgres

[?2004hpublic=# INSERT INTO items (id,name,proce[K[K[Kice()[K[K)
[?2004l[?2004hpublic-# \dtCREATE TABLE customers();[C[C[C[C[C[C[C[C[C\dt[K[K\dtCREATE TABLE customers();[4Pitems();customers();[C[C[C[C[C[C[C[C[C\dt[K[KVALUES (1,'''[K[C[7mSmall Desk[27m'Small Desk',100([K_[K+[K) *[K(2.[Km[K,''[7mLarge desk[27m'Large desk',300) [K (3,''[7mFan[27m'Fan',80);, (3,'Fan',80);[1@,
[?2004lERROR:  column "id" of relation "items" does not exist
LINE 1: INSERT INTO items (id,name,price)
                           ^
[?2004hpublic=# \dt
[?2004l public | customers | table | postgres
 public | items     | table | postgres

[?2004hpublic=# \t t[Kit

public=# \t ites[Kms
[?2004lunrecognized value "items" for "tuples_only": Boolean expected
[?2004hpublic=# \d or[K[Kitems 
[?2004l
[?2004hpublic=# ALTER TABLE items 
[?2004l[?2004hpublic-# ADD OL[K[KCOLU;[KMN ID [K[K[Kid SERIAL;
[?2004lALTER TABLE
[?2004hpublic=# \D [K[Kd items
[?2004l id     | integer |           | not null | nextval('items_id_seq'::regclass)

[?2004hpublic=# at[K[KALTER TABLE items
[?2004l[?2004hpublic-# ADD COMLU[K[K[KLU,M[K[KMN id SERIA[K[K[K[K[K[K[K[KNA[K[Kname BA[K[KVARCHAR*[K(50) not [K[K[K[KNIT [K[K[KOT NULL,
[?2004l[?2004hpublic-# \d itemsALTER TABLE items 
ADD COLUMN id SERIAL;[A[C[C[C[C[C[C[C[C[C[10P\d items
[K[A[C[C[C[C[C[C[C[C[C[C[C[C[C[C[C[C[C[KADD COLUMN P[Kprice NUMERIC(_[K)1)0),)3)[C not [K[K[K[KNOT NULL[1P[1@2[C[C[C[C[C[C[C[C[C[C;
[?2004lALTER TABLE
[?2004hpublic=# ALTER TABLE items
ADD COLUMN name VARCHAR(50) NOT NULL,
ADD COLUMN price NUMERIC(10,2) NOT NULL;[A[A[C[C[C[C[C[C[C[C[C[K
[K
[K[A[A[C[C[C[C[C[C[C[C[C\D [K[Kd items
[?2004l id     | integer               |           | not null | nextval('items_id_seq'::regclass)
 name   | character varying(50) |           | not null | 
 price  | numeric(10,2)         |           | not null | 

[?2004hpublic=# [7mINSERT INTO items (name, price) VALUES[27m
[7m  ('Small Desk', 100),[27m
[7m  ('Large Desk', 300),[27m
[7m  ('Fan', 80);[27m[A[A[AINSERT INTO items (name, price) VALUES
  ('Small Desk', 100),
  ('Large Desk', 300),
  ('Fan', 80);
[?2004lINSERT 0 3
[?2004hpublic=# \d items
[?2004l id     | integer               |           | not null | nextval('items_id_seq'::regclass)
 name   | character varying(50) |           | not null | 
 price  | numeric(10,2)         |           | not null | 

[?2004hpublic=# \dt items 
[?2004l public | items | table | postgres

[?2004hpublic=# \dt items [C[1P
[?2004lunrecognized value "items" for "tuples_only": Boolean expected
[?2004hpublic=# SELECT * FROM I[Kitems
[?2004l[?2004hpublic-# \t items [K;
[?2004l  1 | Small Desk | 100.00
  2 | Large Desk | 300.00
  3 | Fan        |  80.00

[?2004hpublic=# A[KALTER TABLE CU[K[Kcustomes;[K[Krs[K[K[K[K[K[K[K[K[K[K[K[K[K[K[K[K[K[K[K[K[K\'[Kdt
[?2004l public | customers | table | postgres
 public | items     | table | postgres

[?2004hpublic=# \dtSELECT * FROM items
;[A[C[C[C[C[C[C[C[C\dt[K
[K[A[C[C[C[C[C[C[C[C[C[C[C[C[K[7mALTER TABLE customers[27m
[7mADD COLUMN id SERIAL,[27m
[7mADD COLUMN first_name VARCHAR(50) NOT NULL,[27m
[7mADD COLUMN last_name VARCHAR(50) NOT NULL,[27m[A[A[A[C[C[C[C[C[C[C[C[CALTER TABLE customers
ADD COLUMN id SERIAL,
ADD COLUMN first_name VARCHAR(50) NOT NULL,
ADD COLUMN last_name VARCHAR(50) NOT NULL,[K;
[?2004lALTER TABLE
[?2004hpublic=# ALTER TABLE customers
ADD COLUMN id SERIAL,
ADD COLUMN first_name VARCHAR(50) NOT NULL,
ADD COLUMN last_name VARCHAR(50) NOT NULL;[A[A[A[C[C[C[C[C[C[C[C[C\dt[K
[K
[K
[K[A[A[A[C[C[C[C[C[C[C[C[C[C[C[C
[?2004l public | customers | table | postgres
 public | items     | table | postgres

[?2004hpublic=# \dt[C customers 
[?2004l public | customers | table | postgres

[?2004hpublic=# \dt customers [1P
[?2004l id         | integer               |           | not null | nextval('customers_id_seq'::regclass)
 first_name | character varying(50) |           | not null | 
 last_name  | character varying(50) |           | not null | 

[?2004hpublic=# [7mINSERT INTO customers (first_name, last_name) VALUES[27m
[7m  ('Greg Jones'),[27m
[7m  ('Sandra Jones'),[27m
[7m  ('Scott Scott'),[27m
[7m  ('Trevor Green'),[27m
[7m  ('Melanie Johnson');[27m[A[A[A[A[A[C[C[C[C[C[C[C[C[CINSERT INTO customers (first_name, last_name) VALUES
  ('Greg Jones'),
  ('Sandra Jones'),
  ('Scott Scott'),
  ('Trevor Green'),
  ('Melanie Johnson');
[?2004lERROR:  INSERT has more target columns than expressions
LINE 1: INSERT INTO customers (first_name, last_name) VALUES
                                           ^
[?2004hpublic=# [7mINSERT INTO customers (first_name, last_name) VALUES[27m
[7m  ('Greg','Jones'), [27m
[7m  ('Sandra','Jones'),[27m
[7m  ('Scott', 'Scott'),[27m
[7m  ('Trevor' ,'Green'),[27m
[7m  ('Melanie' ,'Johnson');[27m[A[A[A[A[A[C[C[C[C[C[C[C[C[CINSERT INTO customers (first_name, last_name) VALUES
  ('Greg','Jones'), 
  ('Sandra','Jones'),
  ('Scott', 'Scott'),
  ('Trevor' ,'Green'),
  ('Melanie' ,'Johnson');
[?2004lINSERT 0 5
[?2004hpublic=# SELECT *[K*B [K[K from [K[K[K[K[Kfron[K[K[K[KFROM cua[Kstomers
[?2004l[?2004hpublic-# INSERT INTO customers (first_name, last_name) VALUES
  ('Greg','Jones'), 
  ('Sandra','Jones'),
  ('Scott', 'Scott'),
  ('Trevor' ,'Green'),
  ('Melanie' ,'Johnson');
[?2004lERROR:  syntax error at or near "INTO"
LINE 2: INSERT INTO customers (first_name, last_name) VALUES
               ^
[?2004hpublic=# SELECT * FROM customers
INSERT INTO customers (first_name, last_name) VALUES
  ('Greg','Jones'), 
  ('Sandra','Jones'),
  ('Scott', 'Scott'),
  ('Trevor' ,'Green'),
  ('Melanie' ,'Johnson');[A[A[A[A[A[A[C[C[C[C[C[C[C[C[CINSERT INTO customers (first_name, last_name) VALUES
[32P  ('Greg','Jones'), 
[C[C[C[CSandra','Jones'),
[C[C[C[C[Ccott', 'Scott'),
[C[C[C[CTrevor' ,'Green'),
[C[C[C[CMelanie' ,'Johnson');
[K[A[C[C[C[C[C[C[C[C[C[C[C[C[C[C[C[C[C[C[C[C[C[C[C[C[C[A[A[A[A[C[C[C[C[C[C[C[C[3P Jones'),
[C[C[C[C[C[C[C[C[C[C[2P Jones'),
[C[C[C[C[C[C[C[C[C[3P Scott'),
[C[C[C[C[C[C[C[C[C[C[3P Green'),
[C[C[C[C[C[C[C[C[C[C[C[3P Johnson');[A[A[A[A[C[C[C[C[C[C[C[C','Jones'), 
[C[C[C[C[C[C[C[C[C[C','Jones'),
[C[C[C[C[C[C[C[C[C', 'Scott'),
[C[C[C[C[C[C[C[C[C[C' ,'Green'),
[C[C[C[C[C[C[C[C[C[C[C' ,'Johnson');[A[A[A[A[A[C[C[C[C[C[C[C[C[C[29PSELECT * FROM customers
INSERT INTO customers (first_name, last_name) VALUES
[C[C[C[C[1PGreg','Jones'), 
[C[C[C[C[Candra','Jones'),
[C[C[C[C[1PScott', 'Scott'),
[C[C[C[C[3PTrevor' ,'Green'),
  ('Melanie' ,'Johnson');[A[A[A[A[A[A[C[C[C[C[C[C[C[C[C[K
[K
[K
[K
[K
[K
[K[A[A[A[A[A[A[C[C[C[C[C[C[C[C[CSELECT * FROM customers
INSERT INTO customers (first_name, last_name) VALUES
  ('Greg','Jones'), 
  ('Sandra','Jones'),
  ('Scott', 'Scott'),
  ('Trevor' ,'Green'),
  ('Melanie' ,'Johnson');[A[A[A[A[A[A[C[C[C[C[C[C[C[C[C[K
[K
[K
[K
[K
[K
[K[A[A[A[A[A[A[C[C[C[C[C[C[C[C[CSELECT *F[K FROM customes[Krs [K;
[?2004l  1 | Greg       | Jones
  2 | Sandra     | Jones
  3 | Scott      | Scott
  4 | Trevor     | Green
  5 | Melanie    | Johnson

[?2004hpublic=# SELECT &[K*
[?2004l[?2004hpublic-# ;
[?2004lERROR:  SELECT * with no tables specified is not valid
LINE 1: SELECT *
               ^
[?2004hpublic=# SELECT * fr[K[KFRO [KM itrms[K[K[Kes[Kms [K;
[?2004l  1 | Small Desk | 100.00
  2 | Large Desk | 300.00
  3 | Fan        |  80.00

[?2004hpublic=# [7mSELECT * FROM items WHERE price > 80;[27m[C[C[C[C[C[C[C[C[CSELECT * FROM items WHERE price > 80;
[?2004l  1 | Small Desk | 100.00
  2 | Large Desk | 300.00

[?2004hpublic=# [7mSELECT * FROM items WHERE price <= 300;[27m[C[C[C[C[C[C[C[C[CSELECT * FROM items WHERE price <= 300;
[?2004l  1 | Small Desk | 100.00
  2 | Large Desk | 300.00
  3 | Fan        |  80.00

[?2004hpublic=# [7mSELECT * FROM customers WHERE last_name='Smith';[27m[C[C[C[C[C[C[C[C[CSELECT * FROM customers WHERE last_name='Smith';
[?2004l
[?2004hpublic=# [7mSELECT * FROM customers WHERE last_name='Jones'; [27m[C[C[C[C[C[C[C[C[CSELECT * FROM customers WHERE last_name='Jones'; 
[?2004l  1 | Greg       | Jones
  2 | Sandra     | Jones

[?2004hpublic=# [7mSELECT * FROM customers WHERE first_name != 'Scott';[27m[C[C[C[C[C[C[C[C[CSELECT * FROM customers WHERE first_name != 'Scott';
[?2004l  1 | Greg       | Jones
  2 | Sandra     | Jones
  4 | Trevor     | Green
  5 | Melanie    | Johnson

[?2004hpublic=# \q
[?2004l[1m[7m%[27m[1m[0m                                                                                                                                                      [0m[27m[24m[Jswifty@MacBookPro day01 % [K[?2004hggit  g  ccd .